dlsanalyticsbfichnprod	2021-06-11T06:53:49.775624+00:00
dlsdspa0615001chnprod	2024-09-06T14:06:50.537933+00:00
dlsdspa0872001chnprod	2021-08-16T06:23:06.177944+00:00
dlsdspa0895001chnprod	2021-08-16T07:28:48.898658+00:00
dlsdspa0915001chnprod	2021-10-06T10:07:02.701146+00:00
dlsdspa0916001chnprod	2021-10-06T12:43:44.802641+00:00
dlsdspa0916002chnprod	2024-05-22T15:05:44.346824+00:00
dlsdspa0916003chnprod	2024-06-06T12:03:51.244354+00:00
dlsdspa0916004chnprod	2024-05-10T11:19:22.231991+00:00
dlsdspa0916005chnprod	2024-05-07T14:33:59.073867+00:00
dlsdspa0916006chnprod	2024-06-06T12:03:47.009865+00:00
dlsdspa0916007chnprod	2024-06-07T16:10:03.049203+00:00
dlsdspa0916008chnprod	2024-06-07T16:08:30.421592+00:00
dlsdspa0929001chnprod	2022-01-20T10:43:05.585470+00:00
dlsdspa0946001chnmbt	2023-06-21T06:28:16.065249+00:00
dlsdspa0946001chnprod	2022-04-04T15:03:00.421695+00:00
dlsdspa0946prechnprod	2023-06-23T07:24:02.261509+00:00
dlsdspa0991001chnprod	2022-08-22T09:19:56.985101+00:00
dlsdspa1026001chnprod	2023-03-14T11:05:55.350728+00:00
dlsdspa1137001chnprod	2024-09-10T08:45:39.736425+00:00
dlsdspa1137prechnprod	2024-09-10T09:41:36.523343+00:00
dlsdspplf0070002chnprod	2024-01-15T16:20:31.704833+00:00
dlsdspplf0070003chnprod	2023-09-29T07:25:35.300179+00:00
